<?xml version="1.0" encoding="UTF-8"?>
<GenRun Id="synth_1" LaunchPart="xc7a100tcsg324-1" LaunchTime="1592876411">
  <File Type="PA-TCL" Name="testbench.tcl"/>
  <File Type="RDS-PROPCONSTRS" Name="testbench_drc_synth.rpt"/>
  <File Type="REPORTS-TCL" Name="testbench_reports.tcl"/>
  <File Type="RDS-RDS" Name="testbench.vds"/>
  <File Type="RDS-UTIL" Name="testbench_utilization_synth.rpt"/>
  <File Type="RDS-UTIL-PB" Name="testbench_utilization_synth.pb"/>
  <File Type="RDS-DCP" Name="testbench.dcp"/>
  <File Type="VDS-TIMINGSUMMARY" Name="testbench_timing_summary_synth.rpt"/>
  <File Type="VDS-TIMING-PB" Name="testbench_timing_summary_synth.pb"/>
  <FileSet Name="sources" Type="DesignSrcs" RelSrcDir="$PSRCDIR/sources_1">
    <Filter Type="Srcs"/>
    <File Path="$PSRCDIR/sources_1/imports/UnitTesting/DAC.v">
      <FileInfo>
        <Attr Name="ImportPath" Val="$PPRDIR/../UnitTesting/DAC.v"/>
        <Attr Name="ImportTime" Val="1592866851"/>
        <Attr Name="UsedIn" Val="synthesis"/>
        <Attr Name="UsedIn" Val="implementation"/>
        <Attr Name="UsedIn" Val="simulation"/>
      </FileInfo>
    </File>
    <File Path="$PSRCDIR/sources_1/imports/UnitTesting/PWNGen.v">
      <FileInfo>
        <Attr Name="ImportPath" Val="$PPRDIR/../UnitTesting/PWNGen.v"/>
        <Attr Name="ImportTime" Val="1592863944"/>
        <Attr Name="UsedIn" Val="synthesis"/>
        <Attr Name="UsedIn" Val="implementation"/>
        <Attr Name="UsedIn" Val="simulation"/>
      </FileInfo>
    </File>
    <File Path="$PSRCDIR/sources_1/imports/UnitTesting/multiVer.v">
      <FileInfo>
        <Attr Name="UsedIn" Val="synthesis"/>
        <Attr Name="UsedIn" Val="implementation"/>
        <Attr Name="UsedIn" Val="simulation"/>
      </FileInfo>
    </File>
    <File Path="$PSRCDIR/sources_1/imports/UnitTesting/sinemodule.v">
      <FileInfo>
        <Attr Name="ImportPath" Val="$PPRDIR/../UnitTesting/sinemodule.v"/>
        <Attr Name="ImportTime" Val="1592872493"/>
        <Attr Name="UsedIn" Val="synthesis"/>
        <Attr Name="UsedIn" Val="implementation"/>
        <Attr Name="UsedIn" Val="simulation"/>
      </FileInfo>
    </File>
    <File Path="$PSRCDIR/sources_1/imports/UnitTesting/testbench.v">
      <FileInfo>
        <Attr Name="ImportPath" Val="$PPRDIR/../UnitTesting/testbench.v"/>
        <Attr Name="ImportTime" Val="1592848086"/>
        <Attr Name="UsedIn" Val="synthesis"/>
        <Attr Name="UsedIn" Val="implementation"/>
        <Attr Name="UsedIn" Val="simulation"/>
      </FileInfo>
    </File>
    <Config>
      <Option Name="DesignMode" Val="RTL"/>
      <Option Name="TopModule" Val="testbench"/>
      <Option Name="TopAutoSet" Val="TRUE"/>
    </Config>
  </FileSet>
  <FileSet Name="constrs_in" Type="Constrs" RelSrcDir="$PSRCDIR/constrs_1">
    <Filter Type="Constrs"/>
    <Config>
      <Option Name="ConstrsType" Val="XDC"/>
    </Config>
  </FileSet>
  <FileSet Name="utils" Type="Utils" RelSrcDir="$PSRCDIR/utils_1">
    <Filter Type="Utils"/>
    <Config>
      <Option Name="TopAutoSet" Val="TRUE"/>
    </Config>
  </FileSet>
  <Strategy Version="1" Minor="2">
    <StratHandle Name="Vivado Synthesis Defaults" Flow="Vivado Synthesis 2019">
      <Desc>Vivado Synthesis Defaults</Desc>
    </StratHandle>
    <Step Id="synth_design"/>
  </Strategy>
</GenRun>
